{"cameraMode":{"drawMode":0,"name":"Shaded","section":"Shading Mode"},"sceneLighting":false,"audioPlay":false,"sceneViewState":{"showFog":true,"showMaterialUpdate":false,"showSkybox":false,"showFlares":true,"showImageEffects":true,"showParticleSystems":true},"in2DMode":false,"pivot":{"x":-4.320000171661377,"y":3.1257998943328859,"z":4.340000152587891},"rotation":{"x":-0.02011783793568611,"y":0.8254817724227905,"z":-0.5633016228675842,"w":-0.029481567442417146},"size":0.7706367373466492,"orthographic":false}