{"cameraMode":{"drawMode":0,"name":"Shaded","section":"Shading Mode"},"sceneLighting":false,"audioPlay":false,"sceneViewState":{"showFog":true,"showMaterialUpdate":false,"showSkybox":false,"showFlares":true,"showImageEffects":true,"showParticleSystems":true},"in2DMode":false,"pivot":{"x":0.3519248366355896,"y":-0.1612676978111267,"z":0.21612334251403809},"rotation":{"x":-0.2758810520172119,"y":0.0912347063422203,"z":-0.02631481923162937,"w":-0.9564893245697022},"size":0.6892684698104858,"orthographic":false}