{"cameraMode":{"drawMode":0,"name":"Shaded","section":"Shading Mode"},"sceneLighting":false,"audioPlay":false,"sceneViewState":{"showFog":true,"showMaterialUpdate":false,"showSkybox":false,"showFlares":true,"showImageEffects":true,"showParticleSystems":true},"in2DMode":false,"pivot":{"x":0.9284906387329102,"y":0.7815666198730469,"z":10.980047225952149},"rotation":{"x":0.021281220018863679,"y":-0.9759179949760437,"z":0.11146209388971329,"w":0.186370849609375},"size":18.19036102294922,"orthographic":false}