{"cameraMode":{"drawMode":0,"name":"Shaded","section":"Shading Mode"},"sceneLighting":false,"audioPlay":false,"sceneViewState":{"showFog":true,"showMaterialUpdate":false,"showSkybox":false,"showFlares":true,"showImageEffects":true,"showParticleSystems":true},"in2DMode":false,"pivot":{"x":-4.320000171661377,"y":4.366157531738281,"z":8.315213203430176},"rotation":{"x":0.7432083487510681,"y":0.006021185778081417,"z":-0.006689135450869799,"w":0.6689990162849426},"size":9.114603042602539,"orthographic":false}