{"cameraMode":{"drawMode":0,"name":"Shaded","section":"Shading Mode"},"sceneLighting":false,"audioPlay":false,"sceneViewState":{"showFog":true,"showMaterialUpdate":false,"showSkybox":false,"showFlares":true,"showImageEffects":true,"showParticleSystems":true},"in2DMode":false,"pivot":{"x":0.13276706635951997,"y":0.08589828014373779,"z":-0.06803031265735626},"rotation":{"x":0.22615444660186768,"y":-0.7738467454910278,"z":0.41714251041412356,"w":0.4195399582386017},"size":0.3464101552963257,"orthographic":false}