{"cameraMode":{"drawMode":0,"name":"Shaded","section":"Shading Mode"},"sceneLighting":false,"audioPlay":false,"sceneViewState":{"showFog":true,"showMaterialUpdate":false,"showSkybox":false,"showFlares":true,"showImageEffects":true,"showParticleSystems":true},"in2DMode":false,"pivot":{"x":2.3493740558624269,"y":1.7304785251617432,"z":28.896060943603517},"rotation":{"x":0.15365128219127656,"y":-0.7519621849060059,"z":0.18858575820922852,"w":0.6126976609230042},"size":2.190255641937256,"orthographic":false}