{"cameraMode":{"drawMode":0,"name":"Shaded","section":"Shading Mode"},"sceneLighting":false,"audioPlay":false,"sceneViewState":{"showFog":true,"showMaterialUpdate":false,"showSkybox":false,"showFlares":true,"showImageEffects":true,"showParticleSystems":true},"in2DMode":false,"pivot":{"x":2.023967742919922,"y":-2.1616058349609377,"z":0.2022557258605957},"rotation":{"x":-0.24144405126571656,"y":0.6914636492729187,"z":-0.26645201444625857,"w":-0.6265655755996704},"size":25.715457916259767,"orthographic":false}