{"cameraMode":{"drawMode":0,"name":"Shaded","section":"Shading Mode"},"sceneLighting":false,"audioPlay":false,"sceneViewState":{"showFog":true,"showMaterialUpdate":false,"showSkybox":false,"showFlares":true,"showImageEffects":true,"showParticleSystems":true,"showVisualEffectGraphs":true,"m_FxEnabled":true},"in2DMode":false,"pivot":{"x":-0.18000000715255738,"y":0.3808021545410156,"z":30.479999542236329},"rotation":{"x":-0.02011783793568611,"y":0.8254817724227905,"z":-0.5633016228675842,"w":-0.029481567442417146},"size":0.2459513545036316,"orthographic":false}